3D Tiles,https://unsplash.com/photos/SL1TLEuklSI
3dP,ogc youtube
ARML2.0,ogc youtube
Cat: ebRIM App Profile: Earth Observation Products,https://unsplash.com/photos/yZygONrUBe8
Catalogue Service,https://unsplash.com/photos/sfL_QOnmy00
CDB,https://unsplash.com/photos/0xNbk7D_s6U
CityGML
Coordinate Transformation,https://unsplash.com/photos/Gw_UOoFk4Wk
EO-GeoJSON,https://unsplash.com/photos/_SgRNwAVNKw
Filter Encoding,https://unsplash.com/photos/1sAoxyo7K9s
GML in JPEG 2000,https://unsplash.com/photos/XZc4f2XZc84
GeoAPI,https://unsplash.com/photos/vpOeXr5wmR4
GeoPackage,https://unsplash.com/photos/rdLERs3ZGgQ
GeoSciML,https://unsplash.com/photos/gPDAl8BIlUk
GeoSPARQL,https://unsplash.com/photos/8bghKxNU1j0
Geography Markup Language,https://unsplash.com/photos/_SFJhRPzJHs
GeoRSS,https://unsplash.com/photos/FBJTSpZcAq8
Geospatial eXtensible Access Control Markup Language (GeoXACML),https://unsplash.com/photos/0juktkOTkpU
Geospatial User Feedback (GUF),https://unsplash.com/photos/Lks7vei-eAg
GeoTiff,https://unsplash.com/photos/jePzo7RYzac
GroundwaterML,https://unsplash.com/photos/eAGoXRFiysw
HDF5,https://unsplash.com/photos/An18-liwqIw
I3S
IndoorGML
KML
LandInfra/InfraGML,https://unsplash.com/photos/Wq5a-jrSB6o
LAS
Location Services (OpenLS)
Moving Features
NetCDF
Observations and Measurements
OGC API - Features
Open GeoSMS
OpenMI
OpenSearch for EO
OpenSearch Geo
Ordering Services Framework for Earth Observation Products
OWS Context
OWS Security
PipelineML
PubSub
PUCK
SWE Common Data Model
SWE Service Model
Sensor Model Language
Sensor Observation Service
Sensor Planning Service
SensorThings,https://unsplash.com/photos/oQD9uq4Rd4I
Semantic Sensor Network (SSN)
Symbology Core
Simple Features
Simple Features CORBA
Simple Features OLE/COM
Simple Features SQL
Styled Layer Descriptor
Symbology Encoding
Table Joining Service
Time Ontology in OWL
TimeseriesML (tsml)
Two Dimensional Tile Matrix Set
WaterML
Web Coverage Processing Service
Web Coverage Service
Web Feature Service
Web Map Context
Web Map Service
Web Map Tile Service
Web Processing Service
Web Service Common
WKT CRS
