aboutus1,antonino-visalli-uZsDcxog6EM-unsplash.jpg,https://unsplash.com/photos/uZsDcxog6EM
aboutus2,cytonn-photography-ZJEKICY5EXY-unsplash.jpg,https://unsplash.com/photos/ZJEKICY5EXY
githubrepos,yancy-min-842ofHC6MaI-unsplash.jpg,https://unsplash.com/photos/842ofHC6MaI
ogcapis-home,nemuel-sereti-_emOmbPKzaE-unsplash.jpg,https://unsplash.com/photos/_emOmbPKzaE
code samples,artur-shamsutdinov-7MJpHQdGXGA-unsplash.jpg,https://unsplash.com/photos/7MJpHQdGXGA
,martin-katler-o9XN28KdyN8-unsplash.jpg,https://unsplash.com/photos/o9XN28KdyN8
user interface,kobu-agency-UD7pyCkdBg8-unsplash.jpg,https://unsplash.com/photos/UD7pyCkdBg8
support,luis-villasmil-4V8uMZx8FYA-unsplash.jpg,https://unsplash.com/photos/4V8uMZx8FYA
download,chris-ried-sqJ40H9RtNw-unsplash.jpg,https://unsplash.com/photos/sqJ40H9RtNw
implementations,waldemar-brandt-rhaS97NhnHg-unsplash.jpg,https://unsplash.com/photos/rhaS97NhnHg
ETS,david-travis-aVvZJC0ynBQ-unsplash.jpg,https://unsplash.com/photos/aVvZJC0ynBQ
learn,avel-chuklanov-DUmFLtMeAbQ-unsplash.jpg,https://unsplash.com/photos/DUmFLtMeAbQ
dwg,shane-rounce-DNkoNXQti3c-unsplash.jpg,https://unsplash.com/photos/DNkoNXQti3c
swg,call-me-fred-fJSRg-r7LuI-unsplash.jpg,https://unsplash.com/photos/fJSRg-r7LuI
becomemember,taylor-simpson-Gy7fiskX-Sk-unsplash.jpg,https://unsplash.com/photos/Gy7fiskX-Sk
tilessprint,henry-co-aJJEZ98RnpQ-unsplash.jpg,https://unsplash.com/photos/aJJEZ98RnpQ
edrsprint,noaa-6GflN5stjX8-unsplash.jpg,https://unsplash.com/photos/6GflN5stjX8
mapssprint,nasa-_SFJhRPzJHs-unsplash.jpg,https://unsplash.com/photos/_SFJhRPzJHs
routes,,https://unsplash.com/photos/6gSyEKq4Pvg
calendar,eric-rothermel-FoKO4DpXamQ-unsplash.jpg,https://unsplash.com/photos/FoKO4DpXamQ
suggestevent,chuttersnap-Q_KdjKxntH8-unsplash.jpg,https://unsplash.com/photos/Q_KdjKxntH8
opensource,product-school-nOvIa_x_tfo-unsplash.jpg,https://unsplash.com/photos/nOvIa_x_tfo
encodings,farzad-nazifi-pxdkhM_ep4Y-unsplash.jpg,https://unsplash.com/photos/pxdkhM_ep4Y
magnifying,clay-banks-b5S4FrJb7yQ-unsplash.jpg,https://unsplash.com/photos/b5S4FrJb7yQ
faq,marcel-strauss-ocAo7MwGfHY-unsplash.jpg,https://unsplash.com/photos/ocAo7MwGfHY
er,alain-pham-P_qvsF7Yodw-unsplash.jpg,https://unsplash.com/photos/P_qvsF7Yodw
guides,,https://unsplash.com/photos/AqjM3szC_qM
